--Jobs

INSERT INTO Jobs(title, short_description, detailed_description, number_of_vacancies, application_deadline, salary, working_hours, minimum_experience_years)
VALUES ('Manager - R&D manager', 'Lorem ipsum dolor sit amet, consectetur adipiscing elit, sed do eiusmod tempor incididunt ut labore et dolore magna aliqua.', 
'Lorem ipsum dolor sit amet, consectetur adipiscing elit, sed do eiusmod tempor incididunt ut labore et dolore magna aliqua. Ut enim ad minim veniam, quis nostrud exercitation ullamco laboris nisi ut aliquip ex ea commodo consequat.',
 '5', '2/2/2018', '8000', '8', '5')
INSERT INTO Jobs(title, short_description, detailed_description, number_of_vacancies, application_deadline, salary, working_hours, minimum_experience_years)
VALUES ('Manager - Associate R&D manager', 'Lorem ipsum dolor sit amet, consectetur adipiscing elit, sed do eiusmod tempor incididunt ut labore et dolore magna aliqua.', 
'Lorem ipsum dolor sit amet, consectetur adipiscing elit, sed do eiusmod tempor incididunt ut labore et dolore magna aliqua. Ut enim ad minim veniam, quis nostrud exercitation ullamco laboris nisi ut aliquip ex ea commodo consequat.',
 '5', '1/1/2018', '7500', '8', '5')
INSERT INTO Jobs(title, short_description, detailed_description, number_of_vacancies, application_deadline, salary, working_hours, minimum_experience_years)
VALUES ('HR - R&D Recruitment Officer', 'Lorem ipsum dolor sit amet, consectetur adipiscing elit, sed do eiusmod tempor incididunt ut labore et dolore magna aliqua.', 
'Lorem ipsum dolor sit amet, consectetur adipiscing elit, sed do eiusmod tempor incididunt ut labore et dolore magna aliqua. Ut enim ad minim veniam, quis nostrud exercitation ullamco laboris nisi ut aliquip ex ea commodo consequat.',
 '5', '2/2/2018', '5000', '8', '5')
INSERT INTO Jobs(title, short_description, detailed_description, number_of_vacancies, application_deadline, salary, working_hours, minimum_experience_years)
VALUES ('HR - R&D Senior HR Executive ', 'Lorem ipsum dolor sit amet, consectetur adipiscing elit, sed do eiusmod tempor incididunt ut labore et dolore magna aliqua.', 
'Lorem ipsum dolor sit amet, consectetur adipiscing elit, sed do eiusmod tempor incididunt ut labore et dolore magna aliqua. Ut enim ad minim veniam, quis nostrud exercitation ullamco laboris nisi ut aliquip ex ea commodo consequat.',
 '5', '2/3/2018', '7000', '8', '5')

INSERT INTO Jobs(title, short_description, detailed_description, number_of_vacancies, application_deadline, salary, working_hours, minimum_experience_years)
VALUES ('Manager - Manufacturing Manager', 'Lorem ipsum dolor sit amet, consectetur adipiscing elit, sed do eiusmod tempor incididunt ut labore et dolore magna aliqua.', 
'Lorem ipsum dolor sit amet, consectetur adipiscing elit, sed do eiusmod tempor incididunt ut labore et dolore magna aliqua. Ut enim ad minim veniam, quis nostrud exercitation ullamco laboris nisi ut aliquip ex ea commodo consequat.',
 '5', '2/7/2018', '1000', '8', '5')
INSERT INTO Jobs(title, short_description, detailed_description, number_of_vacancies, application_deadline, salary, working_hours, minimum_experience_years)
VALUES ('Manager - Manufacturing Jr. manager', 'Lorem ipsum dolor sit amet, consectetur adipiscing elit, sed do eiusmod tempor incididunt ut labore et dolore magna aliqua.', 
'Lorem ipsum dolor sit amet, consectetur adipiscing elit, sed do eiusmod tempor incididunt ut labore et dolore magna aliqua. Ut enim ad minim veniam, quis nostrud exercitation ullamco laboris nisi ut aliquip ex ea commodo consequat.',
 '5', '2/4/2018', '8000', '8', '5')
INSERT INTO Jobs(title, short_description, detailed_description, number_of_vacancies, application_deadline, salary, working_hours, minimum_experience_years)
VALUES ('HR - Manufacturing Recruitment Officer', 'Lorem ipsum dolor sit amet, consectetur adipiscing elit, sed do eiusmod tempor incididunt ut labore et dolore magna aliqua.', 
'Lorem ipsum dolor sit amet, consectetur adipiscing elit, sed do eiusmod tempor incididunt ut labore et dolore magna aliqua. Ut enim ad minim veniam, quis nostrud exercitation ullamco laboris nisi ut aliquip ex ea commodo consequat.',
 '5', '2/2/2018', '7000', '8', '5')
INSERT INTO Jobs(title, short_description, detailed_description, number_of_vacancies, application_deadline, salary, working_hours, minimum_experience_years)
VALUES ('HR -Manufacturing Senior HR Executive ', 'Lorem ipsum dolor sit amet, consectetur adipiscing elit, sed do eiusmod tempor incididunt ut labore et dolore magna aliqua.', 
'Lorem ipsum dolor sit amet, consectetur adipiscing elit, sed do eiusmod tempor incididunt ut labore et dolore magna aliqua. Ut enim ad minim veniam, quis nostrud exercitation ullamco laboris nisi ut aliquip ex ea commodo consequat.',
 '5', '2/1/2018', '6000', '8', '5')

 INSERT INTO Jobs(title, short_description, detailed_description, number_of_vacancies, application_deadline, salary, working_hours, minimum_experience_years)
VALUES ('Manager - Marketing manager', 'Lorem ipsum dolor sit amet, consectetur adipiscing elit, sed do eiusmod tempor incididunt ut labore et dolore magna aliqua.', 
'Lorem ipsum dolor sit amet, consectetur adipiscing elit, sed do eiusmod tempor incididunt ut labore et dolore magna aliqua. Ut enim ad minim veniam, quis nostrud exercitation ullamco laboris nisi ut aliquip ex ea commodo consequat.',
 '5', '2/2/2018', '5000', '8', '5')
INSERT INTO Jobs(title, short_description, detailed_description, number_of_vacancies, application_deadline, salary, working_hours, minimum_experience_years)
VALUES ('Manager - Sales R&D manager', 'Lorem ipsum dolor sit amet, consectetur adipiscing elit, sed do eiusmod tempor incididunt ut labore et dolore magna aliqua.', 
'Lorem ipsum dolor sit amet, consectetur adipiscing elit, sed do eiusmod tempor incididunt ut labore et dolore magna aliqua. Ut enim ad minim veniam, quis nostrud exercitation ullamco laboris nisi ut aliquip ex ea commodo consequat.',
 '5', '2/2/2018', '5000', '8', '5')
INSERT INTO Jobs(title, short_description, detailed_description, number_of_vacancies, application_deadline, salary, working_hours, minimum_experience_years)
VALUES ('HR - Marketing Recruitment Officer', 'Lorem ipsum dolor sit amet, consectetur adipiscing elit, sed do eiusmod tempor incididunt ut labore et dolore magna aliqua.', 
'Lorem ipsum dolor sit amet, consectetur adipiscing elit, sed do eiusmod tempor incididunt ut labore et dolore magna aliqua. Ut enim ad minim veniam, quis nostrud exercitation ullamco laboris nisi ut aliquip ex ea commodo consequat.',
 '5', '2/12/2018', '7000', '8', '5')
INSERT INTO Jobs(title, short_description, detailed_description, number_of_vacancies, application_deadline, salary, working_hours, minimum_experience_years)
VALUES ('HR - Sales Head of Learning & Development  ', 'Lorem ipsum dolor sit amet, consectetur adipiscing elit, sed do eiusmod tempor incididunt ut labore et dolore magna aliqua.', 
'Lorem ipsum dolor sit amet, consectetur adipiscing elit, sed do eiusmod tempor incididunt ut labore et dolore magna aliqua. Ut enim ad minim veniam, quis nostrud exercitation ullamco laboris nisi ut aliquip ex ea commodo consequat.',
 '5', '2/8/2018', '5000', '8', '5')


--1st Company

INSERT INTO Company_profiles (email, company_name, company_address, domain_name, company_type, vision, field_of_spec) 
VALUES ('HE@ezz.com', 'Haddid Ezz', '98-8 El rehab', 'ezz.com', 'Limited Liability Company', 'WE scare because we care', 'Steel Manufacturing')


INSERT INTO Departments (department_code, department_company, department_name) VALUES (1, 'HE@ezz.com', 'R&D');
INSERT INTO Departments (department_code, department_company, department_name) VALUES (2, 'HE@ezz.com', 'Sales and managment');
INSERT INTO Departments (department_code, department_company, department_name) VALUES (3, 'HE@ezz.com', 'Manufacturing');


--hr create job for all jobs


INSERT INTO Staff_Members (username, passwd, personal_email, birth_date, first_name, middle_name, last_name, salary, company_email, 
  day_off, total_number_of_leaves, experience_years, department_code, department_company, job) 
  VALUES ('Dina1996', 'abc123456789', 'Dina1996@gmail.com', '1/1/1996', 'Dina', 'Ahmed', 'Youssef', '400', 'Dina1996@talaatmostafa.com',
  'Friday', '0', '2', 1,'HE@ezz.com', '1' )
     INSERT INTO Managers VALUES('Dina1996')
INSERT INTO Staff_Members (username, passwd, personal_email, birth_date, first_name, middle_name, last_name, salary, company_email, 
  day_off, total_number_of_leaves, experience_years, department_code, department_company, job) 
  VALUES ('Hazem', 'abc123456789', 'Dina1996@gmail.com', '1/1/1996', 'Hazem', 'Ahmed', 'Montasser', '500', 'Dina1996@talaatmostafa.com',
  'Friday', '0', '2', 1,'HE@ezz.com', '2' )
     INSERT INTO Managers VALUES('Hazem')
INSERT INTO Staff_Members (username, passwd, personal_email, birth_date, first_name, middle_name, last_name, salary, company_email, 
  day_off, total_number_of_leaves, experience_years, department_code, department_company, job) 
  VALUES ('Hatem', 'abc123456789', 'Dina1996@gmail.com', '1/1/1996', 'Hatem', 'Ahmed', 'Ramzy', '300', 'Dina1996@talaatmostafa.com',
  'Friday', '0', '2', 1,'HE@ezz.com', '3' )
     INSERT INTO HR_Employees VALUES('Hatem')
INSERT INTO Staff_Members (username, passwd, personal_email, birth_date, first_name, middle_name, last_name, salary, company_email, 
  day_off, total_number_of_leaves, experience_years, department_code, department_company, job) 
  VALUES ('Hady', 'abc123456789', 'Dina1996@gmail.com', '1/1/1996', 'Hady', 'Ahmed', 'Ramadan', '500', 'Dina1996@talaatmostafa.com',
  'Friday', '0', '2', 1,'HE@ezz.com', '4' )
     INSERT INTO HR_Employees VALUES('Hady')

INSERT INTO Staff_Members (username, passwd, personal_email, birth_date, first_name, middle_name, last_name, salary, company_email, 
  day_off, total_number_of_leaves, experience_years, department_code, department_company, job) 
  VALUES ('Hesham', 'abc123456789', 'Dina1996@gmail.com', '1/1/1996', 'Hesham', 'Samy', 'Sameh', '500', 'Dina1996@talaatmostafa.com',
  'Friday', '0', '2', 2,'HE@ezz.com', '5' )
  INSERT INTO Managers VALUES('Hesham')
INSERT INTO Staff_Members (username, passwd, personal_email, birth_date, first_name, middle_name, last_name, salary, company_email, 
  day_off, total_number_of_leaves, experience_years, department_code, department_company, job) 
  VALUES ('Hany', 'abc123456789', 'Dina1996@gmail.com', '1/1/1996', 'Hany', 'Mohamed', 'Moaz', '500', 'Dina1996@talaatmostafa.com',
  'Friday', '0', '2', 2,'HE@ezz.com', '6' )
  INSERT INTO Managers VALUES('Hany')
INSERT INTO Staff_Members (username, passwd, personal_email, birth_date, first_name, middle_name, last_name, salary, company_email, 
  day_off, total_number_of_leaves, experience_years, department_code, department_company, job) 
  VALUES ('Hashem', 'abc123456789', 'Dina1996@gmail.com', '1/1/1996', 'Hashem', 'Ahmed', 'Youssef', '500', 'Dina1996@talaatmostafa.com',
  'Friday', '0', '2', 2,'HE@ezz.com', '7' )
     INSERT INTO HR_Employees VALUES('Hashem')
INSERT INTO Staff_Members (username, passwd, personal_email, birth_date, first_name, middle_name, last_name, salary, company_email, 
  day_off, total_number_of_leaves, experience_years, department_code, department_company, job) 
  VALUES ('Hosny', 'abc123456789', 'Dina1996@gmail.com', '1/1/1996', 'Hosny', 'Karam', 'Tarek', '800', 'Dina1996@talaatmostafa.com',
  'Friday', '0', '2', 2,'HE@ezz.com', '8' )
     INSERT INTO HR_Employees VALUES('Hosny')

INSERT INTO Staff_Members (username, passwd, personal_email, birth_date, first_name, middle_name, last_name, salary, company_email, 
  day_off, total_number_of_leaves, experience_years, department_code, department_company, job) 
  VALUES ('Tarek', 'abc123456789', 'Dina1996@gmail.com', '1/1/1996', 'Tarek', 'Ahmed', 'Sayed', '500', 'Dina1996@talaatmostafa.com',
  'Friday', '0', '2', 3,'HE@ezz.com', '9' )
  INSERT INTO Managers VALUES('Tarek')
INSERT INTO Staff_Members (username, passwd, personal_email, birth_date, first_name, middle_name, last_name, salary, company_email, 
  day_off, total_number_of_leaves, experience_years, department_code, department_company, job) 
  VALUES ('Tamer', 'abc123456789', 'Dina1996@gmail.com', '1/1/1996', 'Tamer', 'Amir', 'Fahmy', '500', 'Dina1996@talaatmostafa.com',
  'Friday', '0', '2', 3,'HE@ezz.com', '10' )
  INSERT INTO Managers VALUES('Tamer')
INSERT INTO Staff_Members (username, passwd, personal_email, birth_date, first_name, middle_name, last_name, salary, company_email, 
  day_off, total_number_of_leaves, experience_years, department_code, department_company, job) 
  VALUES ('Donia', 'abc123456789', 'Dina1996@gmail.com', '1/1/2000', 'Donia', 'Ahmed', 'Gamal', '500', 'Dina1996@talaatmostafa.com',
  'Friday', '0', '2', 3,'HE@ezz.com', '11' )
     INSERT INTO HR_Employees VALUES('Donia')
INSERT INTO Staff_Members (username, passwd, personal_email, birth_date, first_name, middle_name, last_name, salary, company_email, 
  day_off, total_number_of_leaves, experience_years, department_code, department_company, job) 
  VALUES ('Basla', 'abc123456789', 'jou@gmail.com', '1/7/2010', 'Youssef', 'Ibrahim', 'Huissen', '10000', 'Youssef_Basla@talaatmostafa.com',
  'Friday', '0', '2', 3,'HE@ezz.com', '12' )
     INSERT INTO HR_Employees VALUES('Basla')
INSERT INTO Staff_Members (username, passwd, personal_email, birth_date, first_name, middle_name, last_name, salary, company_email, 
  day_off, total_number_of_leaves, experience_years, department_code, department_company, job) 
  VALUES ('ahmed', 'abc123456789', 'jou@gmail.com', '1/7/2010', 'Youssef', 'Ibrahim', 'Huissen', '10000', 'Youssef_Basla@talaatmostafa.com',
  'Friday', '0', '2', 3,'HE@ezz.com', '12' )
  INSERT INTO Staff_Members (username, passwd, personal_email, birth_date, first_name, middle_name, last_name, salary, company_email, 
  day_off, total_number_of_leaves, experience_years, department_code, department_company, job) 
  VALUES ('mohamed', 'abc123456789', 'jou@gmail.com', '1/7/2010', 'Youssef', 'Ibrahim', 'Huissen', '10000', 'Youssef_Basla@talaatmostafa.com',
  'Friday', '0', '2', 3,'HE@ezz.com', '12' )
  INSERT INTO Staff_Members (username, passwd, personal_email, birth_date, first_name, middle_name, last_name, salary, company_email, 
  day_off, total_number_of_leaves, experience_years, department_code, department_company, job) 
  VALUES ('ibrahim', 'abc123456789', 'jou@gmail.com', '1/7/2010', 'Youssef', 'Ibrahim', 'Huissen', '10000', 'Youssef_Basla@talaatmostafa.com',
  'Friday', '0', '2', 3,'HE@ezz.com', '12' )


--2nd Company

INSERT INTO Company_profiles (email, company_name, company_address, domain_name, company_type, vision, field_of_spec) 
VALUES ('Talaatm@talaatmostafa.com', 'Talaat Mostafa', '18-11 Madinty', 'talaatmostafa.com', 'Limited Liability Company',
'Construct everywhere', 'Construction Company')

INSERT INTO Departments (department_code, department_company, department_name) VALUES (1, 'Talaatm@talaatmostafa.com', 'Construction')
INSERT INTO Departments (department_code, department_company, department_name) VALUES (2, 'Talaatm@talaatmostafa.com', 'Projects management')
INSERT INTO Departments (department_code, department_company, department_name) VALUES (3, 'Talaatm@talaatmostafa.com', 'Finance')


--hr create job for all jobs


INSERT INTO Staff_Members (username, passwd, personal_email, birth_date, first_name, middle_name, last_name, salary, company_email, 
  day_off, total_number_of_leaves, experience_years, department_code, department_company, job) 
  VALUES ('Dina19961', 'abc123456789', 'Dina1996@gmail.com', '1/1/1996', 'Dina', 'Ahmed', 'Youssef', '600', 'Dina1996@talaatmostafa.com',
  'Friday', '0', '2', 1,'Talaatm@talaatmostafa.com', '1' )
     INSERT INTO Managers VALUES('Dina19961')
INSERT INTO Staff_Members (username, passwd, personal_email, birth_date, first_name, middle_name, last_name, salary, company_email, 
  day_off, total_number_of_leaves, experience_years, department_code, department_company, job) 
  VALUES ('Hazem1', 'abc123456789', 'Dina1996@gmail.com', '1/1/1996', 'Hazem', 'Ahmed', 'Montasser', '500', 'Dina1996@talaatmostafa.com',
  'Friday', '0', '2', 1,'Talaatm@talaatmostafa.com', '2' )
     INSERT INTO Managers VALUES('Hazem1')
INSERT INTO Staff_Members (username, passwd, personal_email, birth_date, first_name, middle_name, last_name, salary, company_email, 
  day_off, total_number_of_leaves, experience_years, department_code, department_company, job) 
  VALUES ('Hatem1', 'abc123456789', 'Dina1996@gmail.com', '1/1/1996', 'Hatem', 'Ahmed', 'Ramzy', '500', 'Dina1996@talaatmostafa.com',
  'Friday', '0', '2', 1,'Talaatm@talaatmostafa.com', '3' )
     INSERT INTO HR_Employees VALUES('Hatem1')
INSERT INTO Staff_Members (username, passwd, personal_email, birth_date, first_name, middle_name, last_name, salary, company_email, 
  day_off, total_number_of_leaves, experience_years, department_code, department_company, job) 
  VALUES ('Hady1', 'abc123456789', 'Dina1996@gmail.com', '1/1/1996', 'Hady', 'Ahmed', 'Ramadan', '200', 'Dina1996@talaatmostafa.com',
  'Friday', '0', '2', 1,'Talaatm@talaatmostafa.com', '4' )
     INSERT INTO HR_Employees VALUES('Hady1')
INSERT INTO Staff_Members (username, passwd, personal_email, birth_date, first_name, middle_name, last_name, salary, company_email, 
  day_off, total_number_of_leaves, experience_years, department_code, department_company, job) 
  VALUES ('Ghada', 'abc123456789', 'jou@gmail.com', '1/7/2010', 'Youssef', 'Ibrahim', 'Huissen', '10000', 'Youssef_Basla@talaatmostafa.com',
  'Friday', '0', '2', 3,'HE@ezz.com', '12' )
  INSERT INTO Staff_Members (username, passwd, personal_email, birth_date, first_name, middle_name, last_name, salary, company_email, 
  day_off, total_number_of_leaves, experience_years, department_code, department_company, job) 
  VALUES ('Lobna', 'abc123456789', 'jou@gmail.com', '1/7/2010', 'Youssef', 'Ibrahim', 'Huissen', '10000', 'Youssef_Basla@talaatmostafa.com',
  'Friday', '0', '2', 3,'HE@ezz.com', '12' )
  INSERT INTO Staff_Members (username, passwd, personal_email, birth_date, first_name, middle_name, last_name, salary, company_email, 
  day_off, total_number_of_leaves, experience_years, department_code, department_company, job) 
  VALUES ('Gina', 'abc123456789', 'jou@gmail.com', '1/7/2010', 'Youssef', 'Ibrahim', 'Huissen', '10000', 'Youssef_Basla@talaatmostafa.com',
  'Friday', '0', '2', 3,'HE@ezz.com', '12' )
  INSERT INTO Staff_Members (username, passwd, personal_email, birth_date, first_name, middle_name, last_name, salary, company_email, 
  day_off, total_number_of_leaves, experience_years, department_code, department_company, job) 
  VALUES ('Daila', 'abc123456789', 'jou@gmail.com', '1/7/2010', 'Youssef', 'Ibrahim', 'Huissen', '10000', 'Youssef_Basla@talaatmostafa.com',
  'Friday', '0', '2', 3,'HE@ezz.com', '12' )

INSERT INTO Staff_Members (username, passwd, personal_email, birth_date, first_name, middle_name, last_name, salary, company_email, 
  day_off, total_number_of_leaves, experience_years, department_code, department_company, job) 
  VALUES ('Hesham1', 'abc123456789', 'Dina1996@gmail.com', '1/1/1996', 'Hesham', 'Samy', 'Sameh', '500', 'Dina1996@talaatmostafa.com',
  'Friday', '0', '2', 2,'Talaatm@talaatmostafa.com', '5' )
  INSERT INTO Managers VALUES('Hesham1')
INSERT INTO Staff_Members (username, passwd, personal_email, birth_date, first_name, middle_name, last_name, salary, company_email, 
  day_off, total_number_of_leaves, experience_years, department_code, department_company, job) 
  VALUES ('Hany1', 'abc123456789', 'Dina1996@gmail.com', '1/1/1996', 'Hany', 'Mohamed', 'Moaz', '600', 'Dina1996@talaatmostafa.com',
  'Friday', '0', '2', 2,'Talaatm@talaatmostafa.com', '6' )
  INSERT INTO Managers VALUES('Hany1')
INSERT INTO Staff_Members (username, passwd, personal_email, birth_date, first_name, middle_name, last_name, salary, company_email, 
  day_off, total_number_of_leaves, experience_years, department_code, department_company, job) 
  VALUES ('Hashem1', 'abc123456789', 'Dina1996@gmail.com', '1/1/1996', 'Hashem', 'Ahmed', 'Youssef', '500', 'Dina1996@talaatmostafa.com',
  'Friday', '0', '2', 2,'Talaatm@talaatmostafa.com', '7' )
     INSERT INTO HR_Employees VALUES('Hashem1')
INSERT INTO Staff_Members (username, passwd, personal_email, birth_date, first_name, middle_name, last_name, salary, company_email, 
  day_off, total_number_of_leaves, experience_years, department_code, department_company, job) 
  VALUES ('Hosny1', 'abc123456789', 'Dina1996@gmail.com', '1/1/1996', 'Hosny', 'Karam', 'Tarek', '500', 'Dina1996@talaatmostafa.com',
  'Friday', '0', '2', 2,'Talaatm@talaatmostafa.com', '8' )
     INSERT INTO HR_Employees VALUES('Hosny1')

INSERT INTO Staff_Members (username, passwd, personal_email, birth_date, first_name, middle_name, last_name, salary, company_email, 
  day_off, total_number_of_leaves, experience_years, department_code, department_company, job) 
  VALUES ('Tarek1', 'abc123456789', 'Dina1996@gmail.com', '1/1/1996', 'Tarek', 'Ahmed', 'Sayed', '500', 'Dina1996@talaatmostafa.com',
  'Friday', '0', '2', 3,'Talaatm@talaatmostafa.com', '9' )
  INSERT INTO Managers VALUES('Tarek1')
INSERT INTO Staff_Members (username, passwd, personal_email, birth_date, first_name, middle_name, last_name, salary, company_email, 
  day_off, total_number_of_leaves, experience_years, department_code, department_company, job) 
  VALUES ('Tamer1', 'abc123456789', 'Dina1996@gmail.com', '1/1/1996', 'Tamer', 'Amir', 'Fahmy', '700', 'Dina1996@talaatmostafa.com',
  'Friday', '0', '2', 3,'Talaatm@talaatmostafa.com', '10' )
  INSERT INTO Managers VALUES('Tamer1')
INSERT INTO Staff_Members (username, passwd, personal_email, birth_date, first_name, middle_name, last_name, salary, company_email, 
  day_off, total_number_of_leaves, experience_years, department_code, department_company, job) 
  VALUES ('Donia1', 'abc123456789', 'Dina1996@gmail.com', '1/1/2000', 'Donia', 'Ahmed', 'Gamal', '500', 'Dina1996@talaatmostafa.com',
  'Friday', '0', '2', 3,'Talaatm@talaatmostafa.com', '11' )
     INSERT INTO HR_Employees VALUES('Donia1')
INSERT INTO Staff_Members (username, passwd, personal_email, birth_date, first_name, middle_name, last_name, salary, company_email, 
  day_off, total_number_of_leaves, experience_years, department_code, department_company, job) 
  VALUES ('Basla1', 'abc123456789', 'jou@gmail.com', '1/7/2010', 'Youssef', 'Ibrahim', 'Huissen', '10000', 'Youssef_Basla@talaatmostafa.com',
  'Friday', '0', '2', 3,'Talaatm@talaatmostafa.com', '12' )
     INSERT INTO HR_Employees VALUES('Basla1')





--3rd Company

INSERT INTO Company_profiles (email, company_name, company_address, domain_name, company_type, vision, field_of_spec) 
VALUES ('insta@instabug.com', 'Instabug', '73 EL Habtreyah st., Sharm el sheikh', 'instabug.com', 'Start up',  'I find bugs as a hobby', 'Computer Software')

INSERT INTO Departments (department_code, department_company, department_name) VALUES (1, 'insta@instabug.com', 'Testing')
INSERT INTO Departments (department_code, department_company, department_name) VALUES (2, 'insta@instabug.com', 'Mobile Development')
INSERT INTO Departments (department_code, department_company, department_name) VALUES (3, 'insta@instabug.com', 'Web Development')

--hr create job for all jobs


INSERT INTO Staff_Members (username, passwd, personal_email, birth_date, first_name, middle_name, last_name, salary, company_email, 
  day_off, total_number_of_leaves, experience_years, department_code, department_company, job) 
  VALUES ('Dina19962', 'abc123456789', 'Dina1996@gmail.com', '1/1/1996', 'Dina', 'Ahmed', 'Youssef', '500', 'Dina1996@talaatmostafa.com',
  'Friday', '0', '2', 1,'insta@instabug.com', '1' )
     INSERT INTO Managers VALUES('Dina19962')
INSERT INTO Staff_Members (username, passwd, personal_email, birth_date, first_name, middle_name, last_name, salary, company_email, 
  day_off, total_number_of_leaves, experience_years, department_code, department_company, job) 
  VALUES ('Hazem2', 'abc123456789', 'Dina1996@gmail.com', '1/1/1996', 'Hazem', 'Ahmed', 'Montasser', '500', 'Dina1996@talaatmostafa.com',
  'Friday', '0', '2', 1,'insta@instabug.com', '2' )
     INSERT INTO Managers VALUES('Hazem2')
INSERT INTO Staff_Members (username, passwd, personal_email, birth_date, first_name, middle_name, last_name, salary, company_email, 
  day_off, total_number_of_leaves, experience_years, department_code, department_company, job) 
  VALUES ('Hatem2', 'abc123456789', 'Dina1996@gmail.com', '1/1/1996', 'Hatem', 'Ahmed', 'Ramzy', '500', 'Dina1996@talaatmostafa.com',
  'Friday', '0', '2', 1,'insta@instabug.com', '3' )
     INSERT INTO HR_Employees VALUES('Hatem2')
INSERT INTO Staff_Members (username, passwd, personal_email, birth_date, first_name, middle_name, last_name, salary, company_email, 
  day_off, total_number_of_leaves, experience_years, department_code, department_company, job) 
  VALUES ('Hady2', 'abc123456789', 'Dina1996@gmail.com', '1/1/1996', 'Hady', 'Ahmed', 'Ramadan', '500', 'Dina1996@talaatmostafa.com',
  'Friday', '0', '2', 1,'insta@instabug.com', '4' )
     INSERT INTO HR_Employees VALUES('Hady2')

INSERT INTO Staff_Members (username, passwd, personal_email, birth_date, first_name, middle_name, last_name, salary, company_email, 
  day_off, total_number_of_leaves, experience_years, department_code, department_company, job) 
  VALUES ('Hesham2', 'abc123456789', 'Dina1996@gmail.com', '1/1/1996', 'Hesham', 'Samy', 'Sameh', '500', 'Dina1996@talaatmostafa.com',
  'Friday', '0', '2', 2,'insta@instabug.com', '5' )
  INSERT INTO Managers VALUES('Hesham2')
INSERT INTO Staff_Members (username, passwd, personal_email, birth_date, first_name, middle_name, last_name, salary, company_email, 
  day_off, total_number_of_leaves, experience_years, department_code, department_company, job) 
  VALUES ('Hany2', 'abc123456789', 'Dina1996@gmail.com', '1/1/1996', 'Hany', 'Mohamed', 'Moaz', '500', 'Dina1996@talaatmostafa.com',
  'Friday', '0', '2', 2,'insta@instabug.com', '6' )
  INSERT INTO Managers VALUES('Hany2')
INSERT INTO Staff_Members (username, passwd, personal_email, birth_date, first_name, middle_name, last_name, salary, company_email, 
  day_off, total_number_of_leaves, experience_years, department_code, department_company, job) 
  VALUES ('Hashem2', 'abc123456789', 'Dina1996@gmail.com', '1/1/1996', 'Hashem', 'Ahmed', 'Youssef', '500', 'Dina1996@talaatmostafa.com',
  'Friday', '0', '2', 2,'insta@instabug.com', '7' )
     INSERT INTO HR_Employees VALUES('Hashem2')
INSERT INTO Staff_Members (username, passwd, personal_email, birth_date, first_name, middle_name, last_name, salary, company_email, 
  day_off, total_number_of_leaves, experience_years, department_code, department_company, job) 
  VALUES ('Hosny2', 'abc123456789', 'Dina1996@gmail.com', '1/1/1996', 'Hosny', 'Karam', 'Tarek', '500', 'Dina1996@talaatmostafa.com',
  'Friday', '0', '2', 2,'insta@instabug.com', '8' )
     INSERT INTO HR_Employees VALUES('Hosny2')

INSERT INTO Staff_Members (username, passwd, personal_email, birth_date, first_name, middle_name, last_name, salary, company_email, 
  day_off, total_number_of_leaves, experience_years, department_code, department_company, job) 
  VALUES ('Tarek2', 'abc123456789', 'Dina1996@gmail.com', '1/1/1996', 'Tarek', 'Ahmed', 'Sayed', '500', 'Dina1996@talaatmostafa.com',
  'Friday', '0', '2', 3,'insta@instabug.com', '9' )
  INSERT INTO Managers VALUES('Tarek2')
INSERT INTO Staff_Members (username, passwd, personal_email, birth_date, first_name, middle_name, last_name, salary, company_email, 
  day_off, total_number_of_leaves, experience_years, department_code, department_company, job) 
  VALUES ('Tamer2', 'abc123456789', 'Dina1996@gmail.com', '1/1/1996', 'Tamer', 'Amir', 'Fahmy', '500', 'Dina1996@talaatmostafa.com',
  'Friday', '0', '2', 3,'insta@instabug.com', '10' )
  INSERT INTO Managers VALUES('Tamer2')
INSERT INTO Staff_Members (username, passwd, personal_email, birth_date, first_name, middle_name, last_name, salary, company_email, 
  day_off, total_number_of_leaves, experience_years, department_code, department_company, job) 
  VALUES ('Donia2', 'abc123456789', 'Dina1996@gmail.com', '1/1/2000', 'Donia', 'Ahmed', 'Gamal', '500', 'Dina1996@talaatmostafa.com',
  'Friday', '0', '2', 3,'insta@instabug.com', '11' )
     INSERT INTO HR_Employees VALUES('Donia2')
INSERT INTO Staff_Members (username, passwd, personal_email, birth_date, first_name, middle_name, last_name, salary, company_email, 
  day_off, total_number_of_leaves, experience_years, department_code, department_company, job) 
  VALUES ('Basla2', 'abc123456789', 'jou@gmail.com', '1/7/2010', 'Youssef', 'Ibrahim', 'Huissen', '10000', 'Youssef_Basla@talaatmostafa.com',
  'Friday', '0', '2', 3,'insta@instabug.com', '12' )
     INSERT INTO HR_Employees VALUES('Basla2')


-----------------------------------------------------------------------------------------------------------------------------------------------
----- Addtional Data:-
-------------------------------------------------------------------------------

---- Ahmed Adel Wady:-
----------------------
INSERT INTO Jobs(title, short_description, detailed_description, number_of_vacancies, application_deadline, salary, working_hours, minimum_experience_years)
VALUES ('Lead Backend Development', 'Lorem ipsum dolor sit amet, consectetur adipiscing elit, sed do eiusmod tempor incididunt ut labore et dolore magna aliqua.', 
'Lorem ipsum dolor sit amet, consectetur adipiscing elit, sed do eiusmod tempor incididunt ut labore et dolore magna aliqua. Ut enim ad minim veniam, quis nostrud exercitation ullamco laboris nisi ut aliquip ex ea commodo consequat.',
 '5', '2/2/2018', '25000', '8', '5')
INSERT INTO Jobs(title, short_description, detailed_description, number_of_vacancies, application_deadline, salary, working_hours, minimum_experience_years)
VALUES ('Lead FrontEnd Development', 'Lorem ipsum dolor sit amet, consectetur adipiscing elit, sed do eiusmod tempor incididunt ut labore et dolore magna aliqua.', 
'Lorem ipsum dolor sit amet, consectetur adipiscing elit, sed do eiusmod tempor incididunt ut labore et dolore magna aliqua. Ut enim ad minim veniam, quis nostrud exercitation ullamco laboris nisi ut aliquip ex ea commodo consequat.',
 '5', '1/1/2018', '21000', '8', '5')

insert into Job_Seekers values ('ahmedadel','123456','ahmed@gmail.com','11/11/1980','ahmed','adel','bayoumi','15');

insert into HR_employee_create_job values (13,'insta@instabug.com',3,'Hatem2');
insert into HR_employee_create_job values (14,'insta@instabug.com',3,'Hatem2');


insert into Interview_questions values ('When is The Multible inheritance is allowed in java ?' , 'in interfaces' , '13');

-------------------------------------------------------------------------------------------


----Ahmed Adel Fayoum



insert into HR_employees values ('Ahmed')
insert into HR_employees values ('mohamed')
insert into HR_employees values ('ibrahem')
insert into Company_profiles values ('Ahmed@yahoo.com','dola','el r7ab 3mara 11 mogmo3a 11','@yahoo.com','commerial','ay 7aga','el tgara')


insert into Announcements (title,announcement_date,announcement_type,announcement_description,company,maker)values ('notifa','01/01/2017','promotion','the promotion ','HE@ezz.com','ibrahem')


----------------------------------------------------------------------------------------


-----Hazem

insert into Requests  (staff_Member) values ('Basla');
insert into Requests  (staff_Member) values ('Basla1');
insert into Requests  (staff_Member) values ('Basla2');
insert into Requests  (staff_Member) values ('Dina1996');
insert into Requests  (staff_Member) values ('Dina19961');
insert into Requests  (staff_Member) values ('Dina19962');
insert into Requests  (staff_Member) values ('Donia');
insert into Requests  (staff_Member) values ('Donia1');
insert into Requests  (staff_Member) values ('Donia2');
insert into Requests  (staff_Member) values ('Hady');
insert into Requests  (staff_Member) values ('Hady1');
insert into Requests  (staff_Member) values ('Hady2');
insert into Requests  (staff_Member) values ('Hazem');

insert into Requests  (staff_Member) values ('Hany');

insert into Requests  (staff_Member) values ('Hany1');

insert into Requests  (staff_Member) values ('Hany2');
insert into Requests  (staff_Member) values ('Hesham');
insert into Requests  (staff_Member) values ('Hatem');
insert into Requests  (staff_Member) values ('Hatem1');



Insert into Job_Seekers (username,passwd) values ('x1','x1');
Insert into Job_Seekers (username,passwd) values ('x2','x2');
Insert into Job_Seekers (username,passwd) values ('x3','x3');
Insert into Job_Seekers (username,passwd) values ('x4','x4');
Insert into Job_Seekers (username,passwd) values ('x5','x5');
Insert into Job_Seekers (username,passwd) values ('x6','x6');
Insert into Job_Seekers (username,passwd) values ('x7','x7');
Insert into Job_Seekers (username,passwd) values ('x8','x8');
Insert into Job_Seekers (username,passwd) values ('x9','x9');
Insert into Job_Seekers (username,passwd) values ('x10','x10');
Insert into Job_Seekers (username,passwd) values ('x11','x11');
Insert into Job_Seekers (username,passwd) values ('x12','x12');
Insert into Job_Seekers (username,passwd) values ('x13','x13');
Insert into Job_Seekers (username,passwd) values ('x14','x14');

insert into HR_employee_create_job (department_Company,department_code,jid,hr_employee) values('HE@ezz.com',1,62,'Basla');
insert into Applications (applicant,job) values ('x1',62);
insert into Applications (applicant,job) values ('x2',63);
insert into Applications (applicant,job) values ('x3',64);
insert into Applications (applicant,job) values ('x4',65);
insert into Applications (applicant,job) values ('x5',66);
insert into Applications (applicant,job) values ('x6',67);
insert into Applications (applicant,job) values ('x7',68);
insert into Applications (applicant,job) values ('x8',69);
insert into Applications (applicant,job) values ('x9',70);
insert into Applications (applicant,job) values ('x10',71);
insert into Applications (applicant,job) values ('x11',72);
insert into Applications (applicant,job) values ('x12',73);


insert into Regular_Employees (username) values ('Basla1')
insert into Regular_Employees (username) values ('Dina1996')

insert into Tasks (employee,project_company,project_name,task_name,task_status) values ('Dina1996','HE@ezz.com','balabizo','esmetask','Assigned')

insert into Tasks (employee,project_company,project_name,task_name,task_status) values ('Dina1996','HE@ezz.com','balabizo','task','Fixed')


insert into Job_Seekers values ('mostafaf14', 'abc123456', 'most@yahoo.com', '12/4/1996', 'Mostafa', 'Ahmed', 'Elmenbawy', '1' )
insert into Job_Seekers values ('ahmed12', 'abc123456', 'most@yahoo.com', '12/4/1996', 'Mostafa', 'Ahmed', 'Farag', '7' )
insert into Job_Seekers values ('ebrahim7', 'abc123456', 'most@yahoo.com', '12/4/1996', 'Ibrahim', 'Ahmed', 'Hassan', '4' )



insert into Applications (applicant, score, job) values ('mostafaf14', '98', '13')
insert into Applications (applicant, score, job) values ('mostafaf14', '98', '13')
insert into Applications (applicant, score, job) values ('ahmed12', '90', '13')
insert into Applications (applicant, score, job) values ('ahmed12', '90', '13')
insert into Applications (applicant, score, job) values ('ebrahim7', '90', '13')
insert into Applications (applicant, score, job) values ('ebrahim7', '90', '20')


insert into Requests (startdate, enddate, replacement_employee, staff_Member, request_status_manager)
	values ('2017-12-28 ', '2018-01-02 ', 'Daila', 'Gina', 'Accepted')

insert into Requests (startdate, enddate, replacement_employee, staff_Member, request_status_manager)
	values ('2017-12-28 ', '2018-01-02 ', 'Lobna', 'Ghada', 'Accepted')

insert into Requests (startdate, enddate, replacement_employee, staff_Member, request_status_manager)
	values ('2017-12-20 ', '2018-01-04 ', 'Tamer', 'Tarek', 'Accepted')
insert into Requests (startdate, enddate, replacement_employee, staff_Member, request_status_manager)
	values ('2017-12-20 ', '2018-01-04 ', 'Hashem', 'Dina1996', 'Accepted')
insert into Requests (startdate, enddate, replacement_employee, staff_Member, request_status_manager)
	values ('2017-12-20 ', '2018-01-04 ', 'Hazem', 'Dina1996', 'Accepted')
insert into Requests (startdate, enddate, replacement_employee, staff_Member, request_status_manager)
	values ('2017-12-20 ', '2018-01-04 ', 'Hashem2', 'Hazem2', 'Accepted')

insert into Requests (startdate, enddate, replacement_employee, staff_Member)
	values ('2017-12-20 ', '2018-01-04 ', 'Tamer', 'Tarek')
insert into Requests (startdate, enddate, replacement_employee, staff_Member)
	values ('2017-12-20 ', '2018-01-04 ', 'Hashem', 'Dina1996')
insert into Requests (startdate, enddate, replacement_employee, staff_Member)
	values ('2017-12-20 ', '2018-01-04 ', 'Hazem', 'Dina1996')
insert into Requests (startdate, enddate, replacement_employee, staff_Member)
	values ('2017-12-20 ', '2018-01-04 ', 'Hashem2', 'Hazem2')
insert into Requests (startdate, enddate, replacement_employee, staff_Member)
	values ('2017-12-20 ', '2018-01-04 ', 'Hashem1', 'Dina19961')
insert into Requests (startdate, enddate, replacement_employee, staff_Member)
	values ('2017-12-20 ', '2018-01-04 ', 'Heshem2', 'Hady2')



insert into Attendances values ('2018-01-30', 'Daila', '2018-01-30 8:05:59', '2018-01-30 15:15:40' )
insert into Attendances values ('2018-01-30', 'Gina', '2018-01-30 7:30:59', '2018-01-30 15:19:40' )
insert into Attendances values ('2018-01-30', 'Lobna', '2018-01-30 8:18:59', '2018-01-30 15:17:40' )
insert into Attendances values ('2018-11-20', 'Lobna', '2018-01-30 8:18:59', '2018-01-30 15:17:40' )
insert into Attendances values ('2018-01-25', 'Lobna', '2018-01-30 8:18:59', '2018-01-30 15:17:40' )
insert into Attendances values ('2018-02-20', 'Lobna', '2018-01-30 8:18:59', '2018-01-30 15:17:40' )
insert into Attendances values ('2018-01-30', 'Ghada', '2018-01-30 8:00:59', '2018-01-30 15:16:40' )

 INSERT INTO Regular_Employees VALUES('Ghada')
	 INSERT INTO Regular_Employees VALUES('Lobna')
	 INSERT INTO Regular_Employees VALUES('Gina')
	 INSERT INTO Regular_Employees VALUES('Daila')

	 
insert into Projects ( project_company, project_name, defining_manager)  values ('insta@instabug.com', 'Soccer website', 'Tamer2')
insert into Projects ( project_company, project_name, defining_manager)  values ('insta@instabug.com', 'Soccer website2', 'Tamer2')
insert into Projects ( project_company, project_name, defining_manager)  values ('insta@instabug.com', 'Soccer website3', 'Tamer2')


insert into Tasks (task_name, defining_Manager, employee, project_company, project_name) 
values ( 'milestone 1', 'Tamer2' , 'Lobna', 'insta@instabug.com', 'Soccer website')

 insert into Tasks (task_name, defining_Manager, employee, project_company, project_name) 
values ( 'milestone 2', 'Tamer2' , 'Lobna', 'insta@instabug.com', 'Soccer website')

insert into Tasks (task_name, defining_Manager, employee, project_company, project_name) 
values ( 'milestone 3', 'Tamer2' , 'Lobna', 'insta@instabug.com', 'Soccer website')

insert into Tasks (task_name, defining_Manager, employee, project_company, project_name) 
values ( 'milestone 4', 'Tamer2' , 'Lobna', 'insta@instabug.com', 'Soccer website')

